nu,block_size,scale_format,round_mode,rht,slope,slope_ci_low,slope_ci_high,gap_from_theoretical,intercept,c_hat,bucket,positive_slope_flag,n_resamples
30,32,e4m3,sr,True,-0.48090076611483706,-0.4813906004486161,-0.48038074512780626,0.019099233885162936,-0.7103106657191678,1.658876481305701,weakening (slower decay than -0.5),False,2000
5,32,e4m3,sr,True,-0.472104365123166,-0.47250158905130085,-0.4715975229016317,0.027895634876833997,-0.6751271807217798,1.6845832229697262,weakening (slower decay than -0.5),False,2000
1,16,e4m3,sr,False,-0.13689702760539385,-0.13738570798070143,-0.1362679425306028,0.36310297239460615,-0.7457673451609905,1.1941547457200292,weakening (slower decay than -0.5),False,2000
3,16,e8m0,rtne,False,-0.44185568239557,-0.442105206205577,-0.44159531851398964,0.05814431760443001,-0.7191385828070089,1.6159262477971417,weakening (slower decay than -0.5),False,2000
gaussian,32,e4m3,sr,True,-0.48216499575958793,-0.4825679543709216,-0.48171407805198596,0.017835004240412067,-0.7142299444652342,1.6564741332888224,weakening (slower decay than -0.5),False,2000
gaussian,16,e8m0,rtne,True,-0.49441385641341573,-0.49480141566916197,-0.49402245480708507,0.005586143586584269,-0.7874890381278179,1.5376097663449362,weakening (slower decay than -0.5),False,2000
gaussian,16,e4m3,sr,False,-0.49209517662390295,-0.4925589111655832,-0.49168030558222536,0.007904823376097048,-0.7107876448750523,1.7505976242153682,weakening (slower decay than -0.5),False,2000
2,16,e8m0,sr,False,-0.35470131414113126,-0.3550266775451223,-0.35438221272996606,0.14529868585886874,-0.5890066506667155,1.6742676804036218,weakening (slower decay than -0.5),False,2000
3,32,e4m3,rtne,True,-0.44546354825046464,-0.445695224625048,-0.4452278200235192,0.054536451749535364,-0.8088148257374064,1.3933147285649574,weakening (slower decay than -0.5),False,2000
1,16,e4m3,sr,True,-0.08114024481469594,-0.08171260535442905,-0.08068435689910206,0.41885975518530405,-0.7675200020504142,1.1176860384043288,weakening (slower decay than -0.5),False,2000
1,16,e4m3,rtne,False,-0.13875137636335277,-0.13932715429783152,-0.13814845101283846,0.3612486236366472,-0.895004836447124,1.0483054531784401,weakening (slower decay than -0.5),False,2000
8,16,e4m3,rtne,False,-0.4926448453538743,-0.4930659975768763,-0.49233726828380375,0.007355154646125683,-0.8425604692654778,1.4899271229185809,weakening (slower decay than -0.5),False,2000
8,16,e8m0,sr,False,-0.48436369776140575,-0.4847952026672072,-0.4839016437259986,0.015636302238594246,-0.6101973352785526,1.8497130217291602,weakening (slower decay than -0.5),False,2000
8,32,e8m0,sr,False,-0.47618173008071707,-0.47659087430507086,-0.4758118132964505,0.02381826991928293,-0.6123318305416969,1.7611068495719358,weakening (slower decay than -0.5),False,2000
gaussian,32,e4m3,rtne,True,-0.4848212184389163,-0.4852214859555916,-0.48443818693412366,0.01517878156108371,-0.8645687702276064,1.3964216542181829,weakening (slower decay than -0.5),False,2000
15,32,e4m3,sr,False,-0.4801560803753441,-0.4805469487595368,-0.47974764113635776,0.019843919624655926,-0.7037589542123821,1.6686949287147217,weakening (slower decay than -0.5),False,2000
15,16,e4m3,sr,True,-0.4891945000023663,-0.48962436296901357,-0.4887708771098186,0.010805499997633694,-0.7027624573081597,1.7609510656416159,weakening (slower decay than -0.5),False,2000
gaussian,16,e8m0,sr,True,-0.4901430296944873,-0.49057116777827514,-0.48981594776746545,0.009856970305512691,-0.6422957012513957,1.7818656729500533,weakening (slower decay than -0.5),False,2000
30,16,e4m3,sr,True,-0.4898171824470362,-0.4903481276759604,-0.4893791873873072,0.010182817552963797,-0.7099305764484394,1.740171834714388,weakening (slower decay than -0.5),False,2000
5,32,e8m0,rtne,False,-0.4655588029778309,-0.46596500174066596,-0.465072014455595,0.03444119702216908,-0.7433911663537782,1.5259679041567182,weakening (slower decay than -0.5),False,2000
gaussian,32,e8m0,sr,True,-0.48571288472030716,-0.4861190283991697,-0.48533600057118,0.014287115279692841,-0.6400233716526529,1.7227425989093803,weakening (slower decay than -0.5),False,2000
1,32,e8m0,sr,True,-0.010026727966144382,-0.010557783280610121,-0.00946913827067431,0.4899732720338556,-0.8079379348753434,0.8120237316828398,weakening (slower decay than -0.5),False,2000
30,16,e8m0,rtne,True,-0.49360279493501497,-0.493951910380454,-0.4932451419436155,0.006397205064985034,-0.7830211801605544,1.5420546975013383,weakening (slower decay than -0.5),False,2000
2,16,e4m3,rtne,True,-0.3620977306295336,-0.362370322805452,-0.3617713029368963,0.1379022693704664,-0.8473669229709985,1.3037143892517475,weakening (slower decay than -0.5),False,2000
gaussian,16,e8m0,rtne,False,-0.4953352419779309,-0.495756908061009,-0.49490471150185245,0.004664758022069115,-0.7843975899194506,1.5473273714823568,weakening (slower decay than -0.5),False,2000
30,16,e8m0,sr,False,-0.4906322709257825,-0.49107843421056896,-0.4901698884574629,0.009367729074217512,-0.6303881633158597,1.815773128847124,weakening (slower decay than -0.5),False,2000
2,16,e8m0,rtne,True,-0.37707461764348826,-0.3773769390361626,-0.3767879264144853,0.12292538235651174,-0.7733877196577739,1.344552355707794,weakening (slower decay than -0.5),False,2000
8,32,e4m3,sr,False,-0.47620998732274855,-0.4766006131844458,-0.4757569732379811,0.02379001267725145,-0.6958730643832136,1.658730879006921,weakening (slower decay than -0.5),False,2000
30,32,e4m3,rtne,True,-0.48444309994132606,-0.4848742562749446,-0.48407501265739655,0.01555690005867394,-0.8581518907891346,1.4045698992615803,weakening (slower decay than -0.5),False,2000
8,32,e4m3,rtne,False,-0.4799772089618364,-0.48030070825596577,-0.4795711053650805,0.020022791038163623,-0.8441746945241917,1.4078835239003917,weakening (slower decay than -0.5),False,2000
gaussian,32,e8m0,rtne,False,-0.49021577291737345,-0.49063160289723035,-0.48979887093959074,0.009784227082626551,-0.783957395727626,1.4950330877718172,weakening (slower decay than -0.5),False,2000
8,32,e8m0,rtne,True,-0.4865649636165722,-0.48702148261013717,-0.48605411020925876,0.0134350363834278,-0.7666837641022166,1.4934376486006644,weakening (slower decay than -0.5),False,2000
5,32,e8m0,sr,True,-0.4776994170876476,-0.4782478152483885,-0.4772929848161841,0.022300582912352374,-0.6059121560292011,1.7165552114922549,weakening (slower decay than -0.5),False,2000
gaussian,32,e8m0,sr,False,-0.4867516915979209,-0.4871686487959238,-0.4863449599704486,0.013248308402079079,-0.6365221930356717,1.7426373806817883,weakening (slower decay than -0.5),False,2000
2,32,e4m3,sr,True,-0.3512205517614951,-0.35151676569415297,-0.35088724896077356,0.14877944823850492,-0.6980362359946963,1.3629795625222039,weakening (slower decay than -0.5),False,2000
1,32,e8m0,sr,False,-0.08259089952673097,-0.08306179305865605,-0.08212945650730337,0.417409100473269,-0.6020917272940138,1.3085324091250685,weakening (slower decay than -0.5),False,2000
8,32,e4m3,rtne,True,-0.4814305139442111,-0.48190976675722125,-0.48108563417208844,0.018569486055788897,-0.8394561382615906,1.4263683479766596,weakening (slower decay than -0.5),False,2000
5,16,e4m3,sr,True,-0.4797476226845343,-0.48020393911247805,-0.47937779822935606,0.020252377315465697,-0.6765886166912218,1.8034263963069275,weakening (slower decay than -0.5),False,2000
5,16,e8m0,sr,False,-0.474239058826523,-0.4746825014985039,-0.47369368401258755,0.025760941173476992,-0.5930343018047366,1.8688617885284788,weakening (slower decay than -0.5),False,2000
15,16,e8m0,sr,True,-0.48881337969391486,-0.48932028591301924,-0.48837745787853143,0.011186620306085138,-0.6317059066310149,1.7928892396372305,weakening (slower decay than -0.5),False,2000
3,32,e8m0,rtne,False,-0.42062945951657765,-0.42085036582520174,-0.42038904068783767,0.07937054048342235,-0.7274766799291219,1.4778773941316683,weakening (slower decay than -0.5),False,2000
8,32,e8m0,sr,True,-0.4832557142955535,-0.4836434603126216,-0.48280603834231955,0.016744285704446527,-0.6188400302263743,1.7355001604200488,weakening (slower decay than -0.5),False,2000
5,32,e8m0,rtne,True,-0.48099484749935156,-0.48138813264072317,-0.4806100153020182,0.019005152500648437,-0.7537362506053511,1.4891595889458147,weakening (slower decay than -0.5),False,2000
gaussian,32,e4m3,rtne,False,-0.4866121555956657,-0.48701804888579625,-0.4862522765023991,0.013387844404334326,-0.8591121515266937,1.4112734540832594,weakening (slower decay than -0.5),False,2000
2,16,e8m0,sr,True,-0.3726791395793149,-0.37294210118054005,-0.37231541029099524,0.12732086042068508,-0.6279919137344613,1.5360294860642725,weakening (slower decay than -0.5),False,2000
15,16,e4m3,rtne,True,-0.4927763156188735,-0.493271126547949,-0.4924157096102279,0.007223684381126527,-0.8518177959590687,1.4757614022078425,weakening (slower decay than -0.5),False,2000
3,16,e8m0,rtne,True,-0.45835260892731944,-0.458518362074417,-0.4581667274958988,0.04164739107268056,-0.7394503885665642,1.539894291000745,weakening (slower decay than -0.5),False,2000
3,16,e4m3,rtne,False,-0.45884833322169755,-0.4590422577194235,-0.4586590138135465,0.041151666778302454,-0.8197244571358842,1.47432584075648,weakening (slower decay than -0.5),False,2000
3,32,e8m0,sr,False,-0.41532527042411077,-0.4155924455528375,-0.41510256440633614,0.08467472957588923,-0.5843937099675403,1.6765532141545019,weakening (slower decay than -0.5),False,2000
15,32,e8m0,rtne,True,-0.488041811753351,-0.48841230511517586,-0.48768830771143384,0.011958188246649015,-0.777650141254026,1.4853507912977935,weakening (slower decay than -0.5),False,2000
1,16,e8m0,rtne,False,-0.1275268342987957,-0.1280153230170017,-0.12698874099665802,0.3724731657012043,-0.7510566598322437,1.303116557025281,weakening (slower decay than -0.5),False,2000
1,16,e8m0,sr,False,-0.12370078208418739,-0.12419608340091588,-0.12325224088597701,0.3762992179158126,-0.605411073566869,1.4467873293875328,weakening (slower decay than -0.5),False,2000
2,32,e8m0,rtne,True,-0.37002747058318713,-0.3703472695073286,-0.36977831052009,0.12997252941681287,-0.7740956165937846,1.2286837617914066,weakening (slower decay than -0.5),False,2000
30,16,e8m0,sr,True,-0.4899445364972285,-0.49040528802472777,-0.4894745022000609,0.010055463502771478,-0.6361234613410829,1.7922618150727458,weakening (slower decay than -0.5),False,2000
30,32,e4m3,rtne,False,-0.48533734456499117,-0.4858184296422048,-0.48493202055468065,0.014662655435008831,-0.8559444761809685,1.4077346224772966,weakening (slower decay than -0.5),False,2000
5,16,e8m0,rtne,True,-0.48481519575633913,-0.4852316231528218,-0.4844776873760647,0.015184804243660865,-0.7541657557374357,1.5658500390352592,weakening (slower decay than -0.5),False,2000
3,32,e4m3,sr,True,-0.4430893027626883,-0.4433376241205407,-0.44283413690702195,0.05691069723731168,-0.6587842859604727,1.6264125173502313,weakening (slower decay than -0.5),False,2000
1,32,e4m3,rtne,True,-0.048813371747684735,-0.0493418091197498,-0.0482560818457636,0.45118662825231526,-0.9223056136557447,0.8628167741834766,weakening (slower decay than -0.5),False,2000
15,16,e8m0,rtne,False,-0.49257640502160666,-0.49300489298028627,-0.49215781512806567,0.007423594978393344,-0.7698545273344088,1.5740658133945673,weakening (slower decay than -0.5),False,2000
gaussian,16,e8m0,sr,False,-0.4915269307927348,-0.49198912397768196,-0.4911242630385659,0.008473069207265205,-0.637993656314993,1.800166836085342,weakening (slower decay than -0.5),False,2000
30,32,e8m0,rtne,False,-0.48868755101714184,-0.48907479869614606,-0.4882358770900705,0.011312448982858159,-0.7775959973281745,1.5034029138134228,weakening (slower decay than -0.5),False,2000
30,16,e8m0,rtne,False,-0.49387198255521275,-0.4942444298708362,-0.4935195865008368,0.006128017444787248,-0.7785619273292081,1.556016305208713,weakening (slower decay than -0.5),False,2000
30,32,e8m0,sr,False,-0.4852706155911963,-0.48566340202471847,-0.4848454738761287,0.014729384408803725,-0.6303906988393235,1.7508088594364986,weakening (slower decay than -0.5),False,2000
30,32,e8m0,rtne,True,-0.48846884047591,-0.4889066878120049,-0.4880515693329518,0.011531159524090007,-0.7832557503454447,1.488445823453327,weakening (slower decay than -0.5),False,2000
1,32,e4m3,rtne,False,-0.08525159555475884,-0.0858474066229012,-0.08471770067715165,0.4147484044452412,-0.8965063569777061,0.8901732186655589,weakening (slower decay than -0.5),False,2000
5,32,e8m0,sr,False,-0.4626508660989262,-0.4631465060115394,-0.4622180584478591,0.037349133901073805,-0.5951672336848981,1.7610274504566354,weakening (slower decay than -0.5),False,2000
15,32,e4m3,rtne,False,-0.48336685081181424,-0.48373687087162737,-0.4829911423296559,0.01663314918818576,-0.8528962029755498,1.409488365247729,weakening (slower decay than -0.5),False,2000
1,16,e8m0,sr,True,-0.054147619666133635,-0.05467275874363875,-0.053734678284625824,0.44585238033386637,-0.7780948050085016,0.9760952940371781,weakening (slower decay than -0.5),False,2000
3,32,e8m0,rtne,True,-0.45421208096968774,-0.4544351113282654,-0.45399650564834265,0.04578791903031226,-0.738751946465392,1.4426586146928964,weakening (slower decay than -0.5),False,2000
2,32,e4m3,rtne,True,-0.3519776433327404,-0.35229181913914837,-0.3516733537316191,0.1480223566672596,-0.8502112208404672,1.1648059909367334,weakening (slower decay than -0.5),False,2000
15,32,e8m0,sr,True,-0.4849021260595918,-0.4853252679824745,-0.484366128713826,0.01509787394040818,-0.6294077154763573,1.7296146652871143,weakening (slower decay than -0.5),False,2000
15,32,e8m0,sr,False,-0.4828775267241116,-0.4833426574464887,-0.4822861739831064,0.017122473275888395,-0.6239204532456937,1.7570345702296626,weakening (slower decay than -0.5),False,2000
3,16,e4m3,sr,False,-0.45159046208729814,-0.45181993238957424,-0.4513251335831896,0.04840953791270186,-0.6780415899338612,1.7098584847897549,weakening (slower decay than -0.5),False,2000
1,32,e8m0,rtne,True,-0.048611853394954274,-0.049106931519193396,-0.0481097816205292,0.4513881466050457,-0.9034331913174058,0.8192596920697632,weakening (slower decay than -0.5),False,2000
3,32,e4m3,sr,False,-0.4274449406377076,-0.4276953080868646,-0.4271895913722949,0.0725550593622924,-0.6849750786011544,1.5364301920631915,weakening (slower decay than -0.5),False,2000
15,16,e4m3,sr,False,-0.49003731013368496,-0.49044714819096313,-0.48968027641053863,0.009962689866315044,-0.7039945347932988,1.7527337604019408,weakening (slower decay than -0.5),False,2000
8,32,e8m0,rtne,False,-0.4799638046614364,-0.4804957715088357,-0.4795573456096467,0.0200361953385636,-0.7580100710546278,1.5265428059918904,weakening (slower decay than -0.5),False,2000
gaussian,16,e4m3,rtne,True,-0.49452025683467227,-0.4949975573192804,-0.49417567424785946,0.005479743165327733,-0.864090925946656,1.4542797928172955,weakening (slower decay than -0.5),False,2000
8,16,e8m0,rtne,True,-0.4902773939135318,-0.49063091307185847,-0.4899186414506699,0.009722606086468188,-0.7682342944189209,1.55452081445683,weakening (slower decay than -0.5),False,2000
2,16,e4m3,sr,False,-0.37282108877780634,-0.3731392081423078,-0.3725314979820084,0.12717891122219366,-0.7069755225403516,1.4966341009004807,weakening (slower decay than -0.5),False,2000
5,16,e4m3,sr,False,-0.48113246307957075,-0.4814966005580152,-0.48066361183477696,0.01886753692042925,-0.6853633848764038,1.771311931120554,weakening (slower decay than -0.5),False,2000
2,16,e4m3,rtne,False,-0.38312511854744635,-0.3834402646427005,-0.38283071832887144,0.11687488145255365,-0.8418799631538043,1.319646154199504,weakening (slower decay than -0.5),False,2000
2,32,e8m0,rtne,False,-0.3350981655065679,-0.33539340357216196,-0.33481414552492744,0.1649018344934321,-0.7329056600911525,1.3548951965282205,weakening (slower decay than -0.5),False,2000
5,32,e4m3,rtne,False,-0.47049069117068043,-0.4710162309164363,-0.47004006162835615,0.02950930882931957,-0.8341974118272639,1.39990492886271,weakening (slower decay than -0.5),False,2000
2,16,e8m0,rtne,False,-0.3635181422699908,-0.36382186946720835,-0.3631541919569314,0.1364818577300092,-0.7259791387949277,1.5012110241515209,weakening (slower decay than -0.5),False,2000
15,32,e4m3,sr,True,-0.48039526372054947,-0.4809025938504925,-0.48003094152034337,0.01960473627945053,-0.7032510789156146,1.6695014031299598,weakening (slower decay than -0.5),False,2000
5,16,e4m3,rtne,False,-0.4867912945520862,-0.48714954793838566,-0.4864170152423797,0.013208705447913804,-0.8310575729132006,1.500696316928621,weakening (slower decay than -0.5),False,2000
15,32,e8m0,rtne,False,-0.48609316165724764,-0.48661498432265793,-0.4856837343735816,0.013906838342752359,-0.7716316611338785,1.5096224042782547,weakening (slower decay than -0.5),False,2000
30,32,e4m3,sr,False,-0.48199199995303416,-0.48231181517872995,-0.48163499209617167,0.018008000046965844,-0.7071429367630049,1.6716184937824003,weakening (slower decay than -0.5),False,2000
15,32,e4m3,rtne,True,-0.48361193989156487,-0.48400283903520075,-0.48325549341100094,0.016388060108435132,-0.8518787662363341,1.4128492058366546,weakening (slower decay than -0.5),False,2000
gaussian,32,e4m3,sr,False,-0.4831714021859229,-0.4835916223110372,-0.4827177035320835,0.016828597814077084,-0.7107354210647647,1.6732187031686643,weakening (slower decay than -0.5),False,2000
8,16,e4m3,sr,False,-0.4876246340494283,-0.48814241798110186,-0.487171620684431,0.012375365950571704,-0.6959648031702499,1.7612996911121028,weakening (slower decay than -0.5),False,2000
gaussian,16,e4m3,sr,True,-0.49091895702101157,-0.4913833314432871,-0.4903965305596638,0.00908104297898843,-0.714528265592504,1.7368181634031694,weakening (slower decay than -0.5),False,2000
1,32,e4m3,sr,True,-0.023041993099504297,-0.023532769097825156,-0.022522937341815114,0.4769580069004957,-0.8107856110171789,0.9013504881672731,weakening (slower decay than -0.5),False,2000
15,16,e4m3,rtne,False,-0.49445464011600015,-0.4947944777624636,-0.49397153998733895,0.005545359883999845,-0.8519470904003925,1.4814383401307705,weakening (slower decay than -0.5),False,2000
8,32,e4m3,sr,True,-0.47807450409192787,-0.47846482041063537,-0.4777001113326621,0.021925495908072135,-0.6911452669850702,1.6812015206490873,weakening (slower decay than -0.5),False,2000
3,16,e4m3,sr,True,-0.44932953308178053,-0.4495721848769762,-0.44908791577777046,0.05067046691821947,-0.6616485804089807,1.7702976908280261,weakening (slower decay than -0.5),False,2000
15,16,e8m0,rtne,True,-0.49244657622544746,-0.49288198208982187,-0.4920569028136276,0.007553423774552537,-0.7786637150842266,1.5426458697560594,weakening (slower decay than -0.5),False,2000
1,32,e8m0,rtne,False,-0.08978863343784237,-0.09026831708725626,-0.08932321388724423,0.4102113665621576,-0.7466018255479487,1.1724207045654955,weakening (slower decay than -0.5),False,2000
30,16,e4m3,rtne,False,-0.4950513379616535,-0.49548789387584474,-0.49459185312888143,0.004948662038346485,-0.856284185791532,1.4713328265939227,weakening (slower decay than -0.5),False,2000
15,16,e8m0,sr,False,-0.48891255497037156,-0.48948172138182333,-0.4884956554788512,0.01108744502962844,-0.6233713374204586,1.8308637279177309,weakening (slower decay than -0.5),False,2000
30,32,e8m0,sr,True,-0.4851334376747478,-0.4855675793381079,-0.48480258642391466,0.014866562325252186,-0.635724661237506,1.7258313202665108,weakening (slower decay than -0.5),False,2000
5,16,e8m0,rtne,False,-0.4777483409201569,-0.478342862821616,-0.47725066781258296,0.02225165907984311,-0.7398594294482839,1.6172727328857794,weakening (slower decay than -0.5),False,2000
3,16,e8m0,sr,True,-0.4550623673510454,-0.4553486175393542,-0.4548595651599843,0.04493763264895462,-0.5919534088456468,1.7762743310911302,weakening (slower decay than -0.5),False,2000
1,16,e4m3,rtne,True,-0.10482087402763804,-0.10529303811705973,-0.10429459574779641,0.39517912597236193,-0.8815047079419194,1.0812177686114035,weakening (slower decay than -0.5),False,2000
3,16,e4m3,rtne,True,-0.4517482749939219,-0.45200720754342794,-0.4515197500907383,0.048251725006078106,-0.8114941572240171,1.497651529717194,weakening (slower decay than -0.5),False,2000
5,16,e8m0,sr,True,-0.481272669705943,-0.48174625366382684,-0.480865833388769,0.018727330294056987,-0.6072074449932834,1.8120681589282726,weakening (slower decay than -0.5),False,2000
8,16,e8m0,rtne,False,-0.4877926957371092,-0.4883285751885209,-0.4873743455093477,0.012207304262890795,-0.7572229697331045,1.5910117990515067,weakening (slower decay than -0.5),False,2000
8,16,e8m0,sr,True,-0.48730129712366405,-0.4876945022327907,-0.48683959925804243,0.012698702876335954,-0.6194645821918829,1.8081608311255881,weakening (slower decay than -0.5),False,2000
2,32,e4m3,rtne,False,-0.3441749572970732,-0.34444338350849685,-0.34391006723510764,0.1558250427029268,-0.8576631463853829,1.1460173132792182,weakening (slower decay than -0.5),False,2000
5,32,e4m3,sr,False,-0.46636389304874193,-0.46674963258206886,-0.4658816594670908,0.03363610695125807,-0.6871862884921236,1.6454543643847352,weakening (slower decay than -0.5),False,2000
8,16,e4m3,sr,True,-0.4862912172212138,-0.4866877829293985,-0.4858253667543551,0.013708782778786177,-0.6920578045998174,1.773909917735304,weakening (slower decay than -0.5),False,2000
1,32,e4m3,sr,False,-0.07940088198184496,-0.07994229865382319,-0.0788633925584055,0.420599118018155,-0.750777271133584,1.0346889458383708,weakening (slower decay than -0.5),False,2000
2,32,e8m0,sr,True,-0.36648989866102305,-0.36678359265200106,-0.3661761859619989,0.13351010133897695,-0.626650080635438,1.3879635084366184,weakening (slower decay than -0.5),False,2000
30,16,e4m3,sr,False,-0.4912991437517914,-0.4917041309448524,-0.49086280878843824,0.0087008562482086,-0.7072712276325022,1.7528445389588625,weakening (slower decay than -0.5),False,2000
2,32,e8m0,sr,False,-0.32244575213471244,-0.32276885074049505,-0.32214469583335,0.17755424786528756,-0.6010931809413507,1.4750597278106095,weakening (slower decay than -0.5),False,2000
30,16,e4m3,rtne,True,-0.49371626409353647,-0.4941166837493542,-0.4932734426097437,0.006283735906463528,-0.8583908796391246,1.46863294709861,weakening (slower decay than -0.5),False,2000
8,16,e4m3,rtne,True,-0.4901344721647053,-0.49053470410515365,-0.48975766869133375,0.009865527835294707,-0.8401160774486307,1.4984193129660337,weakening (slower decay than -0.5),False,2000
5,16,e4m3,rtne,True,-0.48317324455811134,-0.48367182452105845,-0.4826941043422248,0.016826755441888663,-0.8258317554904229,1.5183946523138339,weakening (slower decay than -0.5),False,2000
2,16,e4m3,sr,True,-0.3612811589705296,-0.3615761045717436,-0.36094802960530736,0.1387188410294704,-0.6957418126117445,1.540492619694283,weakening (slower decay than -0.5),False,2000
3,32,e8m0,sr,True,-0.4508731731400986,-0.4510754723019364,-0.4506388731724945,0.049126826859901385,-0.5911158322896146,1.6452727719301354,weakening (slower decay than -0.5),False,2000
5,32,e4m3,rtne,True,-0.4752167891546518,-0.47578374889381525,-0.4748062398420473,0.02478321084534818,-0.8237009478623818,1.4351414185348383,weakening (slower decay than -0.5),False,2000
3,32,e4m3,rtne,False,-0.4330790567479539,-0.43327482267894796,-0.43287294315022956,0.06692094325204612,-0.8280369168174158,1.3379221423829868,weakening (slower decay than -0.5),False,2000
3,16,e8m0,sr,False,-0.4368586221391505,-0.43709824246882456,-0.43660092392887756,0.0631413778608495,-0.576442107051812,1.8427200606966423,weakening (slower decay than -0.5),False,2000
gaussian,16,e4m3,rtne,False,-0.49599503580041915,-0.4964437287022669,-0.4956167683800952,0.004004964199580852,-0.8593121722785959,1.4719542850986556,weakening (slower decay than -0.5),False,2000
2,32,e4m3,sr,False,-0.3343881248266946,-0.33467424282142394,-0.33408862545904,0.1656118751733054,-0.7219115156504123,1.2876222508400272,weakening (slower decay than -0.5),False,2000
1,16,e8m0,rtne,True,-0.08685755126656611,-0.08733351070089312,-0.08635734590988321,0.41314244873343386,-0.8808676081427556,0.9639154619468027,weakening (slower decay than -0.5),False,2000
gaussian,32,e8m0,rtne,True,-0.48886668600825306,-0.4892983173656409,-0.4885500258249559,0.01113331399174694,-0.7877898180073835,1.4846950696958048,weakening (slower decay than -0.5),False,2000
