nu,n,round_mode,rht,n_trials_per_cell,effect_block,effect_block_ci_low,effect_block_ci_high,effect_scale,effect_scale_ci_low,effect_scale_ci_high,interaction,interaction_ci_low,interaction_ci_high,effect_block_significant,effect_scale_significant,interaction_significant,dominant_factor
1,16,rtne,False,5000,0.0052763557368136205,-0.004851288572434508,0.014015512655827065,-0.3583959608119076,-0.3610222320199344,-0.35571384892266994,-0.0008764536044747473,-0.00605163870088059,0.003865328073856265,False,True,False,scale
1,16,rtne,True,5000,0.0017118425774413915,-0.0014439465721624233,0.004383147404343213,-0.08480848766479898,-0.08746598346198749,-0.08221964729373081,0.0013109140588154489,-0.004368574560898342,0.006296881360006364,False,True,False,scale
1,16,sr,False,5000,0.004690840633160276,-0.0027579090136062574,0.011082520423796382,-0.3574558311991165,-0.3598248076814994,-0.354993562534324,0.0003569366015376829,-0.004867749367633088,0.005038413118021216,False,True,False,scale
1,16,sr,True,5000,-0.0013040402740298607,-0.004161380959447824,0.0011550117223770224,-0.08698023799120014,-0.0894791707026322,-0.08469208179167476,0.0019691029557917794,-0.0030156110179039735,0.007324726809587911,False,True,False,scale
1,64,rtne,False,5000,-0.28607248285590225,-0.30566765528537204,-0.27473482032591345,-0.32897368322848397,-0.3361971911463855,-0.3215882993484375,-0.07241989451795305,-0.07704287657161811,-0.06823982631373161,True,True,True,scale
1,64,rtne,True,5000,-0.17043488426260733,-0.17325015804277458,-0.16763432432163694,-0.03870205260705406,-0.04200696775922177,-0.03545375485184035,-0.0321217930477089,-0.03752121347116403,-0.026224183758024776,True,True,True,block
1,64,sr,False,5000,-0.31305731649190927,-0.32805347488128145,-0.29977777354467033,-0.3486803065970059,-0.35772134315708964,-0.33981333188747453,-0.06889065199543043,-0.07297747316613129,-0.06413711227740278,True,True,True,scale
1,64,sr,True,5000,-0.1747348267128941,-0.1776300141018866,-0.17227309031358268,-0.053981440472356645,-0.057097847840675085,-0.050992659087261014,-0.02951935256181426,-0.03485013511668515,-0.024790312241715007,True,True,True,block
1,256,rtne,False,5000,-0.2697057725972507,-0.2771240633615769,-0.26081381201947407,-0.2858751163201041,-0.2973934699285174,-0.27635628757576897,-0.09736887141199624,-0.10103437879331376,-0.09315308308764857,True,True,True,scale
1,256,rtne,True,5000,-0.23080867030223384,-0.2328759738014665,-0.22876894310334964,-0.04376204615389856,-0.04840061809999283,-0.038356218278724014,-0.06973451841905653,-0.07354900436580171,-0.06542673471937623,True,True,True,block
1,256,sr,False,5000,-0.3038689490291753,-0.311576064324573,-0.2930680361859273,-0.28726334821368904,-0.30341277848042725,-0.2805454260986359,-0.09099027335983734,-0.09459967420339624,-0.0877000054622406,True,True,True,block
1,256,sr,True,5000,-0.2371505205117419,-0.24005762548559784,-0.23473580318059079,-0.06798208678378548,-0.07241309157148203,-0.06278788250178369,-0.06138912580532985,-0.06583322293395058,-0.05637344438756368,True,True,True,block
1,1024,rtne,False,5000,-0.2565160306273655,-0.26353118541582554,-0.2497319578559562,-0.27598492478503367,-0.28294631632291606,-0.26780557920257986,-0.10285230387587996,-0.10653550789383487,-0.0986624996609365,True,True,True,scale
1,1024,rtne,True,5000,-0.2673000068398257,-0.26956224423828573,-0.26507478474417573,-0.047054731591525734,-0.05871805973517452,-0.03976487801384457,-0.0882180975111706,-0.09198664534055086,-0.0848163922311371,True,True,True,block
1,1024,sr,False,5000,-0.2839248290937655,-0.2907824692729482,-0.2752942075904876,-0.2686781932857425,-0.2777807687731344,-0.2565173125094726,-0.1024721968414033,-0.10589820895033099,-0.09846894263427022,True,True,True,block
1,1024,sr,True,5000,-0.2781660402351762,-0.280650751459555,-0.2757880783215043,-0.08627270727885161,-0.0946082328626674,-0.07586011526989912,-0.06877816088557243,-0.07285789958564783,-0.06476526319990762,True,True,True,block
1,4096,rtne,False,5000,-0.24552004556067608,-0.25104842278109635,-0.2395365587530574,-0.2777409943806064,-0.28306568483749794,-0.2718718689997995,-0.09491119684714056,-0.09965273251046713,-0.0905199808470888,True,True,True,scale
1,4096,rtne,True,5000,-0.26305630759632503,-0.2664375000182229,-0.26013901160018765,-0.05233696605959759,-0.05854788211666219,-0.04774003551133069,-0.09375637990111185,-0.0971691550225663,-0.09032949804222855,True,True,True,block
1,4096,sr,False,5000,-0.26917005046053966,-0.27304703570766736,-0.262608906502005,-0.2705294558170612,-0.2782361922198573,-0.26476059898965243,-0.09643320811905243,-0.10048392068545546,-0.09214928380818081,True,True,True,scale
1,4096,sr,True,5000,-0.2844111207960056,-0.28980867446256137,-0.27983189242822887,-0.12434589556435682,-0.12997518788264,-0.11752385464991247,-0.07528516974041444,-0.07905328227034633,-0.07117641475655989,True,True,True,block
2,16,rtne,False,5000,0.01577948244138927,-0.0011174441459242956,0.03009686506805043,-0.30906674123244704,-0.3104723990791111,-0.30749957907970504,0.0019177014464726305,-0.0010499944220233022,0.005210680738634074,False,True,False,scale
2,16,rtne,True,5000,0.0020117109320283433,-0.0005960465735767354,0.004407587628315367,-0.13353073933069926,-0.134795834024288,-0.13205317531101796,-0.0006126453412642618,-0.0033311360671294367,0.0023034929663007684,False,True,False,scale
2,16,sr,False,5000,0.0010765124867080367,-0.018799571925084413,0.012133568681447148,-0.3086192555488676,-0.3103550984837931,-0.3070779780285914,-0.000296549494580578,-0.0034191102242727366,0.003033186361566641,False,True,False,scale
2,16,sr,True,5000,-0.0004720781469997881,-0.002795488627132025,0.001390822543907776,-0.12987175313662203,-0.1313444035485299,-0.12817768805465257,0.0008258309202653358,-0.0021286421368512092,0.003961684442601996,False,True,False,scale
2,64,rtne,False,5000,-0.17903027404354166,-0.1986862573391761,-0.1610079359691743,-0.34253230902170584,-0.3460992317658272,-0.3397738582735438,-0.034687573808509065,-0.037424997728871826,-0.03150050269693604,True,True,True,scale
2,64,rtne,True,5000,-0.05283937269773231,-0.05462267174214412,-0.05097831599476923,-0.10102777760193771,-0.10250479735173966,-0.09942402992851189,-0.013766746504748184,-0.016632582572524,-0.010747373501457014,True,True,True,scale
2,64,sr,False,5000,-0.17122185679065316,-0.18081106297024752,-0.15535230532949612,-0.3400833023794343,-0.34373510683886277,-0.33702025201669894,-0.030677598548321416,-0.03362280113419576,-0.027486578194668956,True,True,True,scale
2,64,sr,True,5000,-0.05522324917827426,-0.056813797754818304,-0.05350336954118166,-0.10129517579143688,-0.10292271971341792,-0.09968999711064506,-0.014697843748602502,-0.017621989386302172,-0.012026094404222636,True,True,True,scale
2,256,rtne,False,5000,-0.19815031545571848,-0.21848256911847594,-0.17780007002093656,-0.36368041207541735,-0.3720244555234982,-0.35861176709232784,-0.04332923105936093,-0.0454326592203375,-0.040626708381016674,True,True,True,scale
2,256,rtne,True,5000,-0.052197610485945845,-0.053740167516550016,-0.050666551145434995,-0.07616446078722428,-0.07763251226511174,-0.07444955498362374,-0.010796305552242202,-0.01348398892435284,-0.008042274400539907,True,True,True,scale
2,256,sr,False,5000,-0.20850670071890676,-0.2212635517608595,-0.18379929610238488,-0.36778292135568735,-0.37157521927329634,-0.36159509601478695,-0.031137917857655406,-0.03362678998240779,-0.028450244867075095,True,True,True,scale
2,256,sr,True,5000,-0.053302268586613355,-0.054796677736977085,-0.05144187189345569,-0.08197310053584994,-0.08339289164908663,-0.08046044245954719,-0.010299600486610494,-0.013204721870300095,-0.007148903755821035,True,True,True,scale
2,1024,rtne,False,5000,-0.20620838399299313,-0.2260694735613944,-0.19628176010696055,-0.3787890032938588,-0.3846746130048959,-0.36520118809546,-0.05095550581029151,-0.053365800838503875,-0.04884662091055281,True,True,True,scale
2,1024,rtne,True,5000,-0.05482936637779634,-0.056137570131217715,-0.053619032079554874,-0.05397581958835573,-0.05533462664055975,-0.052672435745353144,-0.013264111217126562,-0.01556290527265609,-0.010522328960844131,True,True,True,block
2,1024,sr,False,5000,-0.21181210738318867,-0.23029869368824407,-0.19956663035900046,-0.37220771222705684,-0.38383993284296114,-0.36273321838438305,-0.03580479062982622,-0.03801376173758353,-0.03351921553374768,True,True,True,scale
2,1024,sr,True,5000,-0.05409167377989954,-0.055676966201226086,-0.05261802152665788,-0.0635698332792276,-0.06495916198804572,-0.06216153394713473,-0.015888288697121222,-0.01845869107632807,-0.013555863178672982,True,True,True,scale
2,4096,rtne,False,5000,-0.1999771754125952,-0.21854079677565075,-0.19650402147250468,-0.38925743007191915,-0.40317677724108203,-0.3819172592071842,-0.06293800971158081,-0.06476157453177558,-0.06073265676081294,True,True,True,scale
2,4096,rtne,True,5000,-0.057980541349525794,-0.05913235115700262,-0.056789403472117514,-0.04371331999074357,-0.04506396151203518,-0.04239357865977815,-0.02216396218503558,-0.024429555881976196,-0.019959135263068785,True,True,True,block
2,4096,sr,False,5000,-0.2165179719859598,-0.22937781846152988,-0.20717626658531785,-0.38595454313063016,-0.4002279322465604,-0.3801133462220928,-0.040551440195764954,-0.0428836642615386,-0.03849025067500971,True,True,True,scale
2,4096,sr,True,5000,-0.05695022877250189,-0.05815842447096773,-0.0555548427011219,-0.055997572873657475,-0.05735612352714949,-0.05453138377824318,-0.025413212866156165,-0.0281029196628781,-0.023360647166029393,True,True,True,block
3,16,rtne,False,5000,-0.004615864455697949,-0.01182195611351844,0.01130710667837852,-0.26677942760704276,-0.2680304350735403,-0.2656137450744964,-0.002108563878591152,-0.004325023983797604,0.00016623763263251515,False,True,False,scale
3,16,rtne,True,5000,0.0014726968689036113,-0.0011331296736198924,0.004993472843181067,-0.1488594564332124,-0.15001617772928474,-0.14764632810164552,0.0007055489560752193,-0.0015076304099838054,0.0031820877804140443,False,True,False,scale
3,16,sr,False,5000,-0.009241215267161262,-0.023146186020322368,0.010284217103769033,-0.2655136833465992,-0.26700332325126247,-0.2642102138869215,0.00030305463349922235,-0.00259821147363074,0.0031958182551588875,False,True,False,scale
3,16,sr,True,5000,0.0017734498397872223,-0.0008542372193407694,0.004445917011726574,-0.14594261257564645,-0.14730449966048628,-0.14469023427586802,-0.0009039002589870115,-0.003869517462933047,0.0014538649965584395,False,True,False,scale
3,64,rtne,False,5000,-0.11725539016798381,-0.13232897792207599,-0.09767860794087113,-0.29424891240704776,-0.297074848317334,-0.2913698579186851,-0.03035385060129636,-0.032539395280031344,-0.02809605802049766,True,True,True,scale
3,64,rtne,True,5000,-0.04223029130425937,-0.04495985225384592,-0.03880362301345693,-0.12483786125479668,-0.12613126082858644,-0.12375622314093802,-0.025823251163858973,-0.027670514446887486,-0.02366698580300507,True,True,True,scale
3,64,sr,False,5000,-0.1330884815767197,-0.13811305399683826,-0.11560779468138893,-0.2899388852606668,-0.292045215138977,-0.28690767960092384,-0.025016249154601766,-0.027326501117172407,-0.02279101989903224,True,True,True,scale
3,64,sr,True,5000,-0.041759948081991904,-0.043804990881038966,-0.03944828630776811,-0.12391041310363704,-0.12503039953011644,-0.12277308872437236,-0.023249144532016874,-0.025361235863851594,-0.021154959633957974,True,True,True,scale
3,256,rtne,False,5000,-0.15293266930394722,-0.15793792574754573,-0.1368426064766051,-0.3236278805926993,-0.3261758279866951,-0.31869901774434317,-0.02937411281170821,-0.03142359212998054,-0.027433175581978553,True,True,True,scale
3,256,rtne,True,5000,-0.041373448827328296,-0.04391852359244854,-0.039146280878486976,-0.11685186594375274,-0.11777365136086368,-0.11583556151090893,-0.020859615457480274,-0.022881589013333103,-0.019121749299875025,True,True,True,scale
3,256,sr,False,5000,-0.1322777160080948,-0.13987425471861992,-0.1223617309570439,-0.3130108949657062,-0.31644502353541687,-0.31009906148365607,-0.01938905417626735,-0.021501554924703292,-0.01737667697676155,True,True,True,scale
3,256,sr,True,5000,-0.042578243734339605,-0.04424205028217806,-0.039798158999222934,-0.11561923961304865,-0.11670977988958958,-0.11467751275417534,-0.02054788380323913,-0.022474826541403557,-0.018592178370467317,True,True,True,scale
3,1024,rtne,False,5000,-0.1480851016490412,-0.15275959339739043,-0.14132768814611474,-0.3408480580116624,-0.34370558996786005,-0.33431212342919814,-0.031286577108129876,-0.03282072747849272,-0.029772779311076004,True,True,True,scale
3,1024,rtne,True,5000,-0.042483628681440955,-0.045409807612740646,-0.039831475627346256,-0.10938003903374671,-0.11043049308978656,-0.10830107474946948,-0.01841959684505401,-0.019875133082188266,-0.016792171238009933,True,True,True,scale
3,1024,sr,False,5000,-0.14379185716434773,-0.15070364180567886,-0.1364097595967495,-0.332908394508701,-0.3387541709803994,-0.3287395575679687,-0.01946539976255579,-0.021122258345452404,-0.017701093045423846,True,True,True,scale
3,1024,sr,True,5000,-0.039007543106764686,-0.04129651727418895,-0.036411403563422116,-0.10999741398260099,-0.11090862569072764,-0.10912547030747981,-0.017508295511747818,-0.019141248189602923,-0.015914863082247346,True,True,True,scale
3,4096,rtne,False,5000,-0.14660449388271335,-0.1572585977881893,-0.13669703698177216,-0.3419295189891596,-0.35022359186996094,-0.33686251351743474,-0.03313224886498567,-0.03477718898984572,-0.03162972421162595,True,True,True,scale
3,4096,rtne,True,5000,-0.03724491894875648,-0.039682399496457396,-0.03462673920924924,-0.10433555923744642,-0.10515483120852206,-0.10354896742712116,-0.017858731362353275,-0.019298188848238595,-0.016363772183441764,True,True,True,scale
3,4096,sr,False,5000,-0.1510519149569678,-0.1569711866819521,-0.14294954212915734,-0.33922138677535774,-0.3437019668320547,-0.33473967094894597,-0.020578549702626958,-0.022123665419369876,-0.01916746533559164,True,True,True,scale
3,4096,sr,True,5000,-0.037871644152457584,-0.041425613168695107,-0.03467773667419505,-0.10622053371344276,-0.10713351410383107,-0.10522146658253384,-0.017991023760906444,-0.019460028622580026,-0.016423029964827432,True,True,True,scale
5,16,rtne,False,1000,-0.0191011664365508,-0.024738635986236268,0.003031321207350288,-0.2273000925148927,-0.2301154009294292,-0.22456590340118696,0.0005271039438508041,-0.005327863275965504,0.005427406907565401,False,True,False,scale
5,16,rtne,True,1000,-0.0044002231627398025,-0.017134184484419977,0.00932251072798223,-0.1597807499614614,-0.16238457286664068,-0.15770693291752952,-0.003378991926235031,-0.008600231926369762,0.0010020322775200557,False,True,False,scale
5,16,sr,False,1000,0.003613010656325244,-0.017954029406411994,0.01799994246708625,-0.22814227296436762,-0.22997210979652208,-0.22541945471045216,0.0016140375815854036,-0.0029746092723648685,0.00727686539902692,False,True,False,scale
5,16,sr,True,1000,-0.002100039528631026,-0.011210209581574171,0.007244199702935312,-0.15782513037187051,-0.1605156650802454,-0.1552599194249716,-0.0025682246955383015,-0.0065098449466001185,0.0026458969871045505,False,True,False,scale
5,64,rtne,False,1000,-0.08440428474035944,-0.0917455975280026,-0.07525220958928938,-0.23851004037480017,-0.24203652946810747,-0.2349275534398904,-0.03220995989252451,-0.036375345433804704,-0.029206217536003123,True,True,True,scale
5,64,rtne,True,1000,-0.04320083444703027,-0.05149212430917018,-0.037592872144848855,-0.14228638466253818,-0.14421721645628494,-0.1395305653702021,-0.033356721545860335,-0.03701993068277086,-0.029890005018301507,True,True,True,scale
5,64,sr,False,1000,-0.08970378379863497,-0.09480203586062988,-0.07946227290093022,-0.23111960278163846,-0.23406573790268592,-0.2271388527458908,-0.02599259756423411,-0.030532595081058923,-0.021847509111145504,True,True,True,scale
5,64,sr,True,1000,-0.05234461352764974,-0.06191299140391476,-0.036327966487088206,-0.1381717674508125,-0.14053431685739087,-0.13567847509001688,-0.02729255858102997,-0.031279200745413606,-0.023201460802491206,True,True,True,scale
5,256,rtne,False,1000,-0.0889320370090001,-0.09753823601668381,-0.08034006996995213,-0.25499133582529687,-0.2592286869293732,-0.2503526081319001,-0.0300473425893939,-0.033478048851188526,-0.026445227868414745,True,True,True,scale
5,256,rtne,True,1000,-0.039087284675432876,-0.04598222775184734,-0.03074139793481745,-0.14064467895296318,-0.14257945492441065,-0.13868942198319195,-0.03230592724370229,-0.035236091115313915,-0.029072199385678798,True,True,True,scale
5,256,sr,False,1000,-0.07920809852211264,-0.08927344478813382,-0.07096007915929547,-0.24397801476421455,-0.24908722834640046,-0.2379298172195582,-0.022791053187256605,-0.026026965646081566,-0.019422931679432622,True,True,True,scale
5,256,sr,True,1000,-0.04559882656068659,-0.05598396026917678,-0.03718101036154842,-0.13470257646753137,-0.13653294785647985,-0.1322779104480702,-0.026678105683639153,-0.029570180634903374,-0.0234169173760161,True,True,True,scale
5,1024,rtne,False,1000,-0.08980000361655893,-0.10324359362009261,-0.08418728690061883,-0.26444578308407785,-0.2677147167070206,-0.25700712134359394,-0.025382055715822638,-0.028447990093520347,-0.02176331121621143,True,True,True,scale
5,1024,rtne,True,1000,-0.04819513048907442,-0.05276550102368285,-0.04124489984478963,-0.13820581017864697,-0.13999971304365771,-0.13650510848954825,-0.0329918073937403,-0.0360614741046418,-0.03045763811500255,True,True,True,scale
5,1024,sr,False,1000,-0.08937510170219909,-0.09259575540806608,-0.08225029411794615,-0.25116108594935227,-0.2588344085900005,-0.24820679032887405,-0.02230308748638965,-0.02514792986512595,-0.018980794791744394,True,True,True,scale
5,1024,sr,True,1000,-0.03093964443691366,-0.03656708884170978,-0.02778532251366274,-0.13339768793879614,-0.135309663456392,-0.13165102021645586,-0.027585646163365674,-0.03035027316203067,-0.02455565752283948,True,True,True,scale
5,4096,rtne,False,1000,-0.09052100832750476,-0.09849563464559807,-0.08196570571190875,-0.2659091397902529,-0.27147121810684416,-0.2599973788497737,-0.03138258102026814,-0.03430937759311357,-0.02858087658034929,True,True,True,scale
5,4096,rtne,True,1000,-0.03987506863680146,-0.05289799748420131,-0.031173797525736013,-0.13547848453472344,-0.13755748200724266,-0.1329646130643446,-0.032230764495135844,-0.035005948636260144,-0.029034745096319915,True,True,True,scale
5,4096,sr,False,1000,-0.0868168793912707,-0.0947794114653071,-0.08063175438246165,-0.25215718101994256,-0.25802489356724156,-0.24716375634617235,-0.02227541162189972,-0.024788155734665616,-0.019249358705497623,True,True,True,scale
5,4096,sr,True,1000,-0.03514315741287266,-0.04318097625043644,-0.030775150816121876,-0.1342783386899553,-0.13594328347922588,-0.13212012959054759,-0.030632800577426345,-0.033356316169170896,-0.027803937221684994,True,True,True,scale
8,16,rtne,False,1000,0.025098756324627658,0.008704680795750954,0.029837689534671696,-0.20579427278293982,-0.2083216198089094,-0.20388159686194762,0.001799965615898902,-0.002400902061751675,0.006796364138281063,True,True,False,scale
8,16,rtne,True,1000,0.0028136489058527836,-0.006745493684359172,0.012377627034502403,-0.166131283118772,-0.16822294787059452,-0.16413335175607674,0.0012644596872006808,-0.00338885824674251,0.005205920567845233,False,True,False,scale
8,16,sr,False,1000,-0.012363394366406322,-0.02410968349233622,0.0020243417226661897,-0.20381788888940688,-0.20634871086723575,-0.2012677223536648,-0.0023446590319786687,-0.007013346634388027,0.00290686631175747,False,True,False,scale
8,16,sr,True,1000,0.01298287158944289,0.003010331583648245,0.017593109347858946,-0.16522920463678004,-0.16732255495321838,-0.16264783290186072,-0.0013192284496588158,-0.005966639215705837,0.0031192207568920363,True,True,False,scale
8,64,rtne,False,1000,-0.0688965895291549,-0.07252769909618983,-0.06218175851563901,-0.20499542223096068,-0.2079164156088906,-0.20247097236911707,-0.03115735698695543,-0.03475216254888756,-0.027239600768881513,True,True,True,scale
8,64,rtne,True,1000,-0.04230471785955592,-0.049455784914412604,-0.03514613461115473,-0.148677808069551,-0.15042857195618387,-0.14633165808634913,-0.03060409348075943,-0.0338110329551348,-0.027450992962441426,True,True,True,scale
8,64,sr,False,1000,-0.07421484113762311,-0.08515443456674676,-0.05527905397527463,-0.195238296316381,-0.19742910558438337,-0.1925476977257111,-0.03202292762741177,-0.03541235653122869,-0.027632529467776317,True,True,True,scale
8,64,sr,True,1000,-0.063496397033183,-0.06864137359348843,-0.05053530837780995,-0.14627156062582003,-0.14833392459275918,-0.1440452146394784,-0.027195229081171224,-0.031064328154808227,-0.023746990740270403,True,True,True,scale
8,256,rtne,False,1000,-0.07215841847080018,-0.07607108860439582,-0.06540787105758034,-0.21068529076795617,-0.21527401837687962,-0.20744594590565252,-0.03282134020239269,-0.036099192324189414,-0.029726778660388913,True,True,True,scale
8,256,rtne,True,1000,-0.041661447591023304,-0.04970403295460368,-0.03803817471620441,-0.14814110495572752,-0.15014154672791585,-0.14586472473310416,-0.033580683113720866,-0.03636029588059346,-0.03046910883862675,True,True,True,scale
8,256,sr,False,1000,-0.07262462319963436,-0.07879218645827102,-0.06239745003854047,-0.20416455422887658,-0.206816817589837,-0.20121156936300705,-0.02679730727560692,-0.030157264945499772,-0.023388701710649225,True,True,True,scale
8,256,sr,True,1000,-0.05025478829144969,-0.060858056262678054,-0.03554955757361446,-0.14506961141778874,-0.14740174584802548,-0.14350139439726114,-0.031782408293056896,-0.034753228829307356,-0.02832038516072349,True,True,True,scale
8,1024,rtne,False,1000,-0.06784559572439885,-0.07342023473475205,-0.06486822303888751,-0.2143454962525233,-0.21733928889535797,-0.21113104528173915,-0.030277667813707332,-0.03300828181536577,-0.027581851658508485,True,True,True,scale
8,1024,rtne,True,1000,-0.04617892554183278,-0.051024143727572246,-0.045167472645085936,-0.14909498269646004,-0.15150602813638234,-0.14638287227436927,-0.033169387458977795,-0.03648018903244561,-0.03073872733066265,True,True,True,scale
8,1024,sr,False,1000,-0.06895490216113931,-0.07423764023499135,-0.06410183373781386,-0.20873186216692385,-0.21128765737071661,-0.20501885077135878,-0.026662203370638515,-0.02909506431329061,-0.02401580353052526,True,True,True,scale
8,1024,sr,True,1000,-0.03633124534695753,-0.04697743638800311,-0.03345037024527565,-0.14514964957188692,-0.14698840003934419,-0.14313944794318378,-0.02967614463794721,-0.03242948600815569,-0.0262196921968874,True,True,True,scale
8,4096,rtne,False,1000,-0.07984955835685259,-0.08555817645929498,-0.06630238416480783,-0.21708811437636566,-0.22104380006387273,-0.21488687029924242,-0.032179508979777616,-0.03522129715256959,-0.029364187540887033,True,True,True,scale
8,4096,rtne,True,1000,-0.04186059830676836,-0.04688745463820343,-0.039435942755274844,-0.14688027881438437,-0.1488888976506109,-0.144292176916658,-0.03205153775098424,-0.03480055950226761,-0.028950017624952043,True,True,True,scale
8,4096,sr,False,1000,-0.08111294947643088,-0.08493241736400403,-0.06333635478243416,-0.20767969266044695,-0.21117271777211644,-0.20472202346724303,-0.027432251422911058,-0.030198959419049418,-0.024961503750613526,True,True,True,scale
8,4096,sr,True,1000,-0.04445132316418032,-0.0543898932000085,-0.03543657022607327,-0.14601602421542914,-0.14777848018911593,-0.14361890788265372,-0.02899083954911319,-0.03175140139805579,-0.026636832454249616,True,True,True,scale
15,16,rtne,False,1000,-0.003556458305287169,-0.015105592132127477,0.004385207478104114,-0.1900037957046372,-0.19277057878970846,-0.18802629659112155,-0.0004956955467099178,-0.005345697341168376,0.004177618783444769,False,True,False,scale
15,16,rtne,True,1000,-0.004729272491055703,-0.020700713568693734,0.01891684633112254,-0.17022976533583423,-0.1721961583993971,-0.1679907179314685,0.001355463819153524,-0.00282603810130505,0.0059107772894493715,False,True,False,scale
15,16,sr,False,1000,0.004074837906133055,-0.005407208725073165,0.011189557923169887,-0.186731593237631,-0.18966210395120492,-0.1846384980169885,6.512019322046925e-05,-0.0054657103153626565,0.005122972925286504,False,True,False,scale
15,16,sr,True,1000,0.0007308329492219379,-0.011515858498794582,0.006860235052809741,-0.16790624267309795,-0.17031918285090544,-0.16486547613459412,0.005519533121640219,-0.0003516402759191065,0.009966586559055423,False,True,False,scale
15,64,rtne,False,1000,-0.044912298127233186,-0.05786295850407308,-0.04091419301449317,-0.17950865540660121,-0.18214497037400165,-0.17719576192975006,-0.034029201849727464,-0.03692038284249331,-0.030294169398738916,True,True,True,scale
15,64,rtne,True,1000,-0.05204644066148578,-0.06050031548472923,-0.044677865565157404,-0.156306499855297,-0.1581943182936374,-0.1537155271252162,-0.02930916282256346,-0.03226849132073554,-0.02615200695447724,True,True,True,scale
15,64,sr,False,1000,-0.057055229939847685,-0.062332023107407944,-0.043372829980315775,-0.17823686072424927,-0.18090469102122544,-0.1757274244612913,-0.03089105273291759,-0.0339936224683395,-0.027262543831647282,True,True,True,scale
15,64,sr,True,1000,-0.03153246952839783,-0.04517647812068504,-0.024602188281757975,-0.15192528254245286,-0.1546196961189265,-0.1501179749368559,-0.026895878544534124,-0.030823574313084058,-0.023589462401151798,True,True,True,scale
15,256,rtne,False,1000,-0.0611299834318082,-0.06941833522735141,-0.048538020930925185,-0.18482478732232277,-0.18700127779712206,-0.1823926125838325,-0.03710213825995545,-0.039698666406283764,-0.03419908788780766,True,True,True,scale
15,256,rtne,True,1000,-0.05453658106230286,-0.06073861070220765,-0.047442643630216885,-0.15393590511720667,-0.15588053619280176,-0.1519926129040648,-0.029415298265240253,-0.032653049402439606,-0.02685605819764043,True,True,True,scale
15,256,sr,False,1000,-0.062240108972293484,-0.06501992361298825,-0.054635882320090874,-0.17865759632545242,-0.18082877299766084,-0.17589304961306423,-0.028364190257899935,-0.031449456943092,-0.02493465553048819,True,True,True,scale
15,256,sr,True,1000,-0.046630916064178685,-0.05484811030505643,-0.04163900779149898,-0.1525062930424017,-0.15462796339503065,-0.15036145905387138,-0.027007971320225366,-0.030058390510456067,-0.023425701941014614,True,True,True,scale
15,1024,rtne,False,1000,-0.05099965325845446,-0.05863327405423391,-0.04571130930921807,-0.18593763657609763,-0.18871305110776496,-0.18333255260333392,-0.03228885333937992,-0.03523888683167853,-0.029598008069598558,True,True,True,scale
15,1024,rtne,True,1000,-0.057122083376801136,-0.06194022223668849,-0.042713725619526244,-0.15333066282219043,-0.1561518910893675,-0.15145738931198197,-0.03186816391955727,-0.03484546678748448,-0.028989933573305062,True,True,True,scale
15,1024,sr,False,1000,-0.04875520014465273,-0.05801207756485537,-0.04390735722670058,-0.18184569833180397,-0.18424313720287558,-0.17935787405327344,-0.028886252219642472,-0.031606905896431045,-0.02595871573750881,True,True,True,scale
15,1024,sr,True,1000,-0.04906701226348176,-0.05655136097769614,-0.038881680336624314,-0.15313029289720426,-0.15597256838541987,-0.15121370699446424,-0.02649126963655224,-0.029696484221905958,-0.02371412406704641,True,True,True,scale
15,4096,rtne,False,1000,-0.06030096463251322,-0.06649813395002158,-0.052959813842564304,-0.1869380530805227,-0.18872157814329735,-0.1846659010151472,-0.03328216631900904,-0.036072217271556004,-0.030589562456545493,True,True,True,scale
15,4096,rtne,True,1000,-0.05598916281209476,-0.061753752871387846,-0.04817144834097942,-0.15316425097665842,-0.15522696818829965,-0.15112322537786643,-0.030356148896519386,-0.03281572653969032,-0.027640383063739015,True,True,True,scale
15,4096,sr,False,1000,-0.054761978150825286,-0.06022284435915637,-0.04600203836306349,-0.18009542427943614,-0.1818242843903212,-0.17748170924849224,-0.027597122205939684,-0.029980885314215076,-0.024790406194043494,True,True,True,scale
15,4096,sr,True,1000,-0.04699375870723799,-0.05727127914608765,-0.039728141470195766,-0.15131992902269165,-0.15369107090771253,-0.1491011446746958,-0.02856369652298607,-0.031336605055176325,-0.02566846719619647,True,True,True,scale
30,16,rtne,False,1000,0.009249851015101562,-0.002969161359034588,0.020386316702146967,-0.18161583346680743,-0.18387021467072798,-0.1790308539456327,0.0033043081204571223,-0.0015638668964165971,0.007549610243518155,False,True,False,scale
30,16,rtne,True,1000,0.007645741629251912,-0.007740361067583075,0.018578299906944817,-0.17287994948249352,-0.17508940121923133,-0.17121589409120444,-0.0002721455707508369,-0.004977831256340313,0.003532652376666044,False,True,False,scale
30,16,sr,False,1000,-0.001586218916858062,-0.009310671279752323,0.009357698588573271,-0.17807529643485198,-0.18003653367265002,-0.17589134624278588,-0.0016575519266477379,-0.00588376543938711,0.0029533829998556888,False,True,False,scale
30,16,sr,True,1000,-0.003293309338177508,-0.015266408291650546,0.0031936482145598077,-0.1705334686233444,-0.17317460934035048,-0.16796531104143314,0.0031030916120728946,-0.0018996940371150957,0.008833645972143917,False,True,False,scale
30,64,rtne,False,1000,-0.06091259563952489,-0.06873740559438701,-0.05210293055236237,-0.17133933596488937,-0.17339542359918103,-0.16852959869426373,-0.03100811795163949,-0.034310320370154135,-0.02797862317602461,True,True,True,scale
30,64,rtne,True,1000,-0.03817273012205291,-0.05505745194264389,-0.03534663590486975,-0.1595125043944532,-0.161701464364276,-0.15785617329271262,-0.03124470699514914,-0.034412188569381844,-0.02775664627813679,True,True,True,scale
30,64,sr,False,1000,-0.033275542191730345,-0.05328259328906712,-0.022225134819153336,-0.1650335919792596,-0.16724271832683035,-0.1629722565466218,-0.02639176922043074,-0.030039638061526718,-0.022345952952669248,True,True,True,scale
30,64,sr,True,1000,-0.05198996775347453,-0.05811947087215419,-0.03840486851410476,-0.15707207495805653,-0.15946613581755203,-0.15493253782324623,-0.026521668346711547,-0.02939407754853147,-0.021645667809109894,True,True,True,scale
30,256,rtne,False,1000,-0.05893869410765529,-0.06402406866636845,-0.0466298270715404,-0.17192699915979048,-0.17513629717853574,-0.16861680203038693,-0.03269520051452002,-0.03539571715614844,-0.029996463732624948,True,True,True,scale
30,256,rtne,True,1000,-0.041941840037661215,-0.055664851801640935,-0.03688023784320649,-0.16122039347436257,-0.16273869342172598,-0.15925950593100702,-0.02771679254830861,-0.03078488753298376,-0.025103463129487125,True,True,True,scale
30,256,sr,False,1000,-0.04953864000331265,-0.06336433516068052,-0.038479483546431936,-0.1668447610767414,-0.16863015421993716,-0.1650501235252237,-0.026654831378693622,-0.030404480148181378,-0.023752382104954232,True,True,True,scale
30,256,sr,True,1000,-0.051779905707973306,-0.05535036025440476,-0.04506733828401632,-0.15663271993676453,-0.15852002087406739,-0.15427794002705936,-0.028354168112864286,-0.031105647978704097,-0.025260664702749014,True,True,True,scale
30,1024,rtne,False,1000,-0.052221221803266715,-0.058334864193358094,-0.047211084114295795,-0.1724508566797649,-0.17427408010140089,-0.17084657450865523,-0.028762384947775388,-0.031286376413725114,-0.025990355145071486,True,True,True,scale
30,1024,rtne,True,1000,-0.042486326773488514,-0.05168751030623575,-0.03631254049428989,-0.16045193481836328,-0.16270915333284075,-0.15857557689624538,-0.03279270514087962,-0.03591968619156294,-0.030116949596169153,True,True,True,scale
30,1024,sr,False,1000,-0.0590856270565876,-0.06104303531230393,-0.04672497783296665,-0.1690299957633279,-0.17114716744677477,-0.1673448114232202,-0.0279854886029014,-0.030521258853061693,-0.02497987836380995,True,True,True,scale
30,1024,sr,True,1000,-0.06296725161886751,-0.06455472301675602,-0.047672772083714614,-0.15610166785183832,-0.15838430584755817,-0.15427863844349718,-0.028939810768210172,-0.03151753209928361,-0.02573373183812127,True,True,True,scale
30,4096,rtne,False,1000,-0.05611962143427185,-0.06118796228357494,-0.043135947177344036,-0.1739444676579236,-0.17657402206807654,-0.17042155369891018,-0.029215092665135778,-0.032463157299526826,-0.026333685426483514,True,True,True,scale
30,4096,rtne,True,1000,-0.051294083752098096,-0.05565765419553159,-0.04163317745195272,-0.15954597691402483,-0.16186113544866312,-0.15786556129361626,-0.02818896014287109,-0.030958918146855675,-0.024965863510446697,True,True,True,scale
30,4096,sr,False,1000,-0.043645102628758536,-0.05263088617906184,-0.03872208801799013,-0.16614511047135228,-0.16818076834726242,-0.16386086783601764,-0.028208726686631103,-0.03108166831518866,-0.025093415976217663,True,True,True,scale
30,4096,sr,True,1000,-0.06040368089496706,-0.06559980731404025,-0.05158748849576611,-0.15588890360742536,-0.15761848811792167,-0.15405251162799313,-0.024143724761056085,-0.026744407894320178,-0.021482768523152163,True,True,True,scale
gaussian,16,rtne,False,1000,0.012829703280323734,-0.001487953571792211,0.018948962131808855,-0.17291490589758451,-0.1752166554418116,-0.17082623666059638,0.001147122182024951,-0.0032331640229681822,0.005561805166849197,False,True,False,scale
gaussian,16,rtne,True,1000,0.004171706977543543,-0.004112367133531691,0.012798603683501497,-0.17511577853524551,-0.17710148264727707,-0.17289720951653312,-0.0007111434118933779,-0.00465731394417702,0.0037883761760723438,False,True,False,scale
gaussian,16,sr,False,1000,0.008386043717681702,0.0027206758633177676,0.013433303284268717,-0.1695025492408755,-0.17213185772343031,-0.16726088570312417,0.00012406253080010643,-0.00420483292271786,0.0051100089740978676,True,True,False,scale
gaussian,16,sr,True,1000,-0.005176210629310063,-0.017118835549455588,0.009240131885517311,-0.17033651172691178,-0.17267371872290124,-0.16815616574290584,0.001676580492110169,-0.002929138015104593,0.006191571872515785,False,True,False,scale
gaussian,64,rtne,False,1000,-0.052219399820068624,-0.056989696244005295,-0.04425044447467208,-0.16212956497598974,-0.16456707052179337,-0.16017105568983908,-0.02878620037080637,-0.03198233098444051,-0.02534857052554289,True,True,True,scale
gaussian,64,rtne,True,1000,-0.04848525302068296,-0.060013685462918076,-0.03916039410147665,-0.1625708612157446,-0.1645437270332131,-0.16061107648764672,-0.024429272795846835,-0.02745165139210819,-0.021393607853634058,True,True,True,scale
gaussian,64,sr,False,1000,-0.04636351044533127,-0.06027013604155185,-0.03653187416668818,-0.1570301913548393,-0.16011303459928886,-0.154858830150492,-0.021939276642438887,-0.02526679833662557,-0.01801551127521065,True,True,True,scale
gaussian,64,sr,True,1000,-0.049737553171659954,-0.05463369347698287,-0.042513658276992494,-0.15779414151512894,-0.15985096294850737,-0.155394600220603,-0.021388329905549952,-0.02471542882823966,-0.017830543635921448,True,True,True,scale
gaussian,256,rtne,False,1000,-0.044467637138700056,-0.060758492387570584,-0.03514007706953581,-0.16217209153972245,-0.1639751745146496,-0.15971350943878287,-0.030297759190312412,-0.0328941431565555,-0.026944814231487316,True,True,True,scale
gaussian,256,rtne,True,1000,-0.0513541368866397,-0.05596728838226994,-0.04730402344453566,-0.16485221932554062,-0.16690048195501864,-0.16228377293850235,-0.03225947356156045,-0.0350886666670384,-0.02910339151755577,True,True,True,scale
gaussian,256,sr,False,1000,-0.056228963010585,-0.0625624904282116,-0.04695870557846759,-0.15906456280307424,-0.1609289429403679,-0.15625345320836811,-0.02498909144179251,-0.027799108705919617,-0.021572013052578033,True,True,True,scale
gaussian,256,sr,True,1000,-0.04706519289672961,-0.0533751270255155,-0.040419925515046806,-0.15695512648136045,-0.15902680599900326,-0.15465431940532767,-0.024698568655195707,-0.02744663263738163,-0.021693404994350997,True,True,True,scale
gaussian,1024,rtne,False,1000,-0.05015119880250829,-0.055331792653223744,-0.04317912963317028,-0.16179256702838174,-0.1634349842840323,-0.15978234723030574,-0.029414440666778674,-0.03207052004139863,-0.02652714258757516,True,True,True,scale
gaussian,1024,rtne,True,1000,-0.05490963598505871,-0.0631211043724429,-0.048356051189392346,-0.16371422794827595,-0.16577432236013484,-0.16122800666130288,-0.027942916805014484,-0.030671079873203853,-0.025542446356692495,True,True,True,scale
gaussian,1024,sr,False,1000,-0.042373915809406526,-0.04587978445050922,-0.03958386660937041,-0.15680247577813766,-0.15953673448887817,-0.1551983830086467,-0.02455378150378884,-0.02800747497264313,-0.021876908877238345,True,True,True,scale
gaussian,1024,sr,True,1000,-0.05087227595555888,-0.05550816475092546,-0.0461035777364952,-0.15813980750362955,-0.16056015938652407,-0.15616743554068263,-0.027513436997285368,-0.030814749798542127,-0.0248926888319414,True,True,True,scale
gaussian,4096,rtne,False,1000,-0.04159376999116482,-0.059560085211379565,-0.032960765115427115,-0.16236699299980195,-0.16427467294236003,-0.1599062971646666,-0.028090462803829652,-0.030901867578173526,-0.02552321724055029,True,True,True,scale
gaussian,4096,rtne,True,1000,-0.07274293270117127,-0.07552232298266848,-0.059263465243295066,-0.1609115908991452,-0.1635635319894848,-0.15916428706359997,-0.027732881962802658,-0.0306949372715843,-0.025214359456838163,True,True,True,scale
gaussian,4096,sr,False,1000,-0.05124888264181848,-0.05601731949104849,-0.044485237585670134,-0.16048756492462424,-0.16198927233772878,-0.15868272540627854,-0.027324136786861963,-0.030146540553500877,-0.024667075936095788,True,True,True,scale
gaussian,4096,sr,True,1000,-0.04721159398791919,-0.05770891408176482,-0.04075389615330405,-0.1599550279218258,-0.1618675760932572,-0.15829430761593638,-0.02523128348178183,-0.02801812251629383,-0.022147745958199152,True,True,True,scale
